Insurer,Procedure/Service,Procedure/Service Description,Original Effective Date,Revised,Procedure CPT/HCPCS Code,Prior authorization
Ohio Medicaid,,,"Jan. 1, 2024",,43644,Prior authorization required
Ohio Medicaid,Bariatric surgery and specific,,"Jan. 1, 2024",,43775,
Ohio Medicaid,obesity-related services,,"Jan. 1, 2024",,"43847 43848 43860 For specific codes requiring prior authorization, please call the number on the member's health plan ID card to refer for mental healt and substance abuse/substance use services. For applied behavior analysis (ABA) therapy, submit via fax or Provider Express",
Ohio Medicaid,Behavioral health services,,"Jan. 1, 2024",,,Many of our benefit plans only provide coverage for behavioral health services through a designated behavioral health network.
Ohio Medicaid,Bone growth stimulator Electronic stimulation or ultrasound to heal fractures,,"Jan. 1, 2024",,20975,Prior authorization required
Ohio Medicaid,Breast reconstruction,,"Jan. 1, 2024",,11971,Prior authorization required
Ohio Medicaid,(non-mastectomy) Reconstruction of the,,"Jan. 1, 2024",,19328,
Ohio Medicaid,breast except,,"Jan. 1, 2024",,19350,
Ohio Medicaid,when following,,"Jan. 1, 2024",,19367,
Ohio Medicaid,mastectomy,,"Jan. 1, 2024",,19371,
Ohio Medicaid,,,"Jan. 1, 2024",,Cinvanti™ (aprepitant),cancer diagnosis.
Ohio Medicaid,,,"Jan. 1, 2024",,J0185,"*Codes J1442, J1447 J2506,"
Ohio Medicaid,,,"Jan. 1, 2024",,Emend® (fosaprepitant),"Q5101, Q5108, Q5110,"
Ohio Medicaid,,,"Jan. 1, 2024",,J1453,"Q5111, Q5120 and Q5122"
Ohio Medicaid,,,"Jan. 1, 2024",,,oncology diagnosis (DX). See
Ohio Medicaid,,,"Jan. 1, 2024",,Injectable colony-stimulating factor drugs that requii,injectable medications
Ohio Medicaid,,,"Jan. 1, 2024",,,
Ohio Medicaid,,,"Jan. 1, 2024",,Sustol® (granisetron extended release) J1627 authorization: Filgrastim (Neupogen®) J1442* Filgrastim-aafi (Nivestym™) Q5110* Filgrastim-sndz (Zarxio®) Q5101* Pegfilgrastim (Neulasta®) J2506* Pegfilgrastim-apgf (Nyvepria™) Q5122* Pegfilgrastim-bmez (Ziextenzo®) Q5120* Pegfilgrastim-cbqv (UDENYCA™) Q5111* Pegfilgrastim-jmdb (Fulphila™) Q5108* Sargramostim (Leukine®) J2820 Tbo-filgrastim (Granix®) J1447* Trilaciclib (Cosela™) J1448,also require prior authorization for non- section.
Ohio Medicaid,,,"Jan. 1, 2024",,,
Ohio Medicaid,,,"Jan. 1, 2024",,,
Ohio Medicaid,,,"Jan. 1, 2024",,,
Ohio Medicaid,,,"Jan. 1, 2024",,,
Ohio Medicaid,,,"Jan. 1, 2024",,,
Ohio Medicaid,,,"Jan. 1, 2024",,37227,
Ohio Medicaid,,,"Jan. 1, 2024",,37231,
Ohio Medicaid,,,"Jan. 1, 2024",,authorization,
Ohio Medicaid,,,"Jan. 1, 2024",,,
Ohio Medicaid,,,"Jan. 1, 2024",,,
Ohio Medicaid,,,"Jan. 1, 2024",,,
Ohio Medicaid,,,"Jan. 1, 2024",,,
Ohio Medicaid,,,"Jan. 1, 2024",,,
Ohio Medicaid,,,"Jan. 1, 2024",,,
Ohio Medicaid,,,"Jan. 1, 2024",,,
Ohio Medicaid,,,"Jan. 1, 2024",,,
Ohio Medicaid,,,"Jan. 1, 2024",,,
Ohio Medicaid,,,"Jan. 1, 2024",,,
Ohio Medicaid,,,"Jan. 1, 2024",,70.361,170.35
Ohio Medicaid,,,"Jan. 1, 2024",,70.421,170.369
Ohio Medicaid,,,"Jan. 1, 2024",,70.429,170.428
Ohio Medicaid,,,"Jan. 1, 2024",,70.434,170.433
Ohio Medicaid,,,"Jan. 1, 2024",,70.441,170.439
Ohio Medicaid,,,"Jan. 1, 2024",,70.445,170.444
Ohio Medicaid,,,"Jan. 1, 2024",,70.462,170.461
Ohio Medicaid,,,"Jan. 1, 2024",,70.521,170.469
Ohio Medicaid,,,"Jan. 1, 2024",,70.529,170.528
Ohio Medicaid,,,"Jan. 1, 2024",,70.534,170.533
Ohio Medicaid,,,"Jan. 1, 2024",,70.541,170.539
Ohio Medicaid,,,"Jan. 1, 2024",,70.545,170.544
Ohio Medicaid,,,"Jan. 1, 2024",,70.562,170.561
Ohio Medicaid,,,"Jan. 1, 2024",,70.621,170.569
Ohio Medicaid,,,"Jan. 1, 2024",,70.629,170.628
Ohio Medicaid,,,"Jan. 1, 2024",,70.634,170.633
Ohio Medicaid,,,"Jan. 1, 2024",,70.641,170.639
Ohio Medicaid,,,"Jan. 1, 2024",,70.645,170.644
Ohio Medicaid,,,"Jan. 1, 2024",,70.662,170.661
Ohio Medicaid,,,"Jan. 1, 2024",,70.721,170.669
Ohio Medicaid,,,"Jan. 1, 2024",,70.729,170.728
Ohio Medicaid,,,"Jan. 1, 2024",,70.734,170.733
Ohio Medicaid,,,"Jan. 1, 2024",,70.741,170.739
Ohio Medicaid,,,"Jan. 1, 2024",,70.745,170.744
Ohio Medicaid,,,"Jan. 1, 2024",,70.762,170.761
Ohio Medicaid,,,"Jan. 1, 2024",,72.3,170.769
Ohio Medicaid,,,"Jan. 1, 2024",,77.2,172.9
Ohio Medicaid,,,"Jan. 1, 2024",,77.79,177.77
Ohio Medicaid,,,"Jan. 1, 2024",,74.8,174.5
Ohio Medicaid,,,"Jan. 1, 2024",,75.023,175.022
Ohio Medicaid,,,"Jan. 1, 2024",,T82.868A,T82.818A
Ohio Medicaid,,,"Jan. 1, 2024",,$91.301A,$81.809A
Ohio Medicaid,,,"Jan. 1, 2024",,M86.052,M86.051
Ohio Medicaid,,,"Jan. 1, 2024",,M86.069,M86.062
Ohio Medicaid,,,"Jan. 1, 2024",,M86.08,M86.079
Ohio Medicaid,,,"Jan. 1, 2024",,M86.151,M86.10
Ohio Medicaid,,,"Jan. 1, 2024",,M86.162,M86.161
Ohio Medicaid,,,"Jan. 1, 2024",,M86.179,M86.172
Ohio Medicaid,,,"Jan. 1, 2024",,M86.50,
Ohio Medicaid,,,"Jan. 1, 2024",,M86.561,
Ohio Medicaid,,,"Jan. 1, 2024",,M86.579,
Ohio Medicaid,,,"Jan. 1, 2024",,M86.651,
Ohio Medicaid,,,"Jan. 1, 2024",,M86.662,
Ohio Medicaid,,,"Jan. 1, 2024",,M86.679,
Ohio Medicaid,,,"Jan. 1, 2024",,M86.8X5,
Ohio Medicaid,,,"Jan. 1, 2024",,M86.8X9,
Ohio Medicaid,,,"Jan. 1, 2024",,L03.116,
Ohio Medicaid,,,"Jan. 1, 2024",,Q27.8,
Ohio Medicaid,,,"Jan. 1, 2024",,$35.512A,
Ohio Medicaid,,,"Jan. 1, 2024",,T82.338A,
Ohio Medicaid,,,"Jan. 1, 2024",,T82.898A 173.81,
Ohio Medicaid,clectroencephalogram (EEG),,"Jan. 1, 2024",,98720,required for outpatient hospital or ambulatory center
Ohio Medicaid,Chemotherapy,,"Jan. 1, 2024",,Injectable,surgical (ASC). Prior authorization is required
Ohio Medicaid,,,"Jan. 1, 2024",,"drugs © Chemotherapy injectable drugs (J9000—J9999), Leucovorin (J0640), Levoleucovorin (J0641, J0642), Lupron Depot (J1950) |e Chemotherapy injectable drugs that have aQcode e Chemotherapy injectable drugs that haven't yet received an assigned code and will be billed under a miscellaneous HCPCS code will require prior authorization. For prior authorization, submit requests online using the Prior","for injectable chemotherapy drugs administered in an outpatient setting, including intravenous, intravesical and intrathecal for a cancer diagnosis."
Ohio Medicaid,,,"Jan. 1, 2024",,,
Ohio Medicaid,,,"Jan. 1, 2024",,"Authorization and Notification tool on UnitedHealthcare Provider Portal at UHCprovider.com. Select the Prior Authorization and Notification tab on your dashboard. Or, you can call 888-397-8129.",
Ohio Medicaid,Cochlear implants and other auditory implants,,"Jan. 1, 2024",,69710,Prior authorization required
Ohio Medicaid,A medical device within the inner ear with an external portion that helps persons with profound sensorineural deafness,,"Jan. 1, 2024",,L8619,
Ohio Medicaid,",",,"Jan. 1, 2024",,67900,
Ohio Medicaid,Reconstructive,,"Jan. 1, 2024",,67904,
Ohio Medicaid,procedures that treat a medical condition to improve or restore physiologic function,,"Jan. 1, 2024",,67911,
Ohio Medicaid,,,"Jan. 1, 2024",,67916,
Ohio Medicaid,,,"Jan. 1, 2024",,67923,
Ohio Medicaid,,,"Jan. 1, 2024",,67966,
Ohio Medicaid,,,"Jan. 1, 2024",,*will not,
Ohio Medicaid,Durable medical equipment (DME),,"Jan. 1, 2024",,4575,Prior authorization is required
Ohio Medicaid,,,"Jan. 1, 2024",,£0194,only for the DME codes listed with a retail purchase or cumulative rental cost of more than $500.
Ohio Medicaid,,,"Jan. 1, 2024",,£0277,
Ohio Medicaid,,,"Jan. 1, 2024",,E0445,
Ohio Medicaid,,,"Jan. 1, 2024",,Bek,
Ohio Medicaid,,,"Jan. 1, 2024",,£0620,Prosthetics are not DME — see orthotics and prosthetics
Ohio Medicaid,,,"Jan. 1, 2024",,E0641,Some home health care services may qualify but are not subject to the cost threshold — see Inlenito Incellin Seuss.
Ohio Medicaid,,,"Jan. 1, 2024",,E0669,
Ohio Medicaid,,,"Jan. 1, 2024",,E0694,
Ohio Medicaid,,,"Jan. 1, 2024",,E0762,
Ohio Medicaid,,,"Jan. 1, 2024",,£0787,
Ohio Medicaid,,,"Jan. 1, 2024",,E1003,
Ohio Medicaid,,,"Jan. 1, 2024",,E1007,
Ohio Medicaid,,,"Jan. 1, 2024",,E1030,
Ohio Medicaid,,,"Jan. 1, 2024",,E1161,
Ohio Medicaid,,,"Jan. 1, 2024",,E1233,
Ohio Medicaid,,,"Jan. 1, 2024",,E1237,
Ohio Medicaid,,,"Jan. 1, 2024",,E2100,
Ohio Medicaid,,,"Jan. 1, 2024",,E2300,
Ohio Medicaid,,,"Jan. 1, 2024",,E2322,
Ohio Medicaid,,,"Jan. 1, 2024",,E2331,
Ohio Medicaid,,,"Jan. 1, 2024",,E2511,
Ohio Medicaid,,,"Jan. 1, 2024",,E2627,
Ohio Medicaid,,,"Jan. 1, 2024",,E8000,
Ohio Medicaid,,,"Jan. 1, 2024",,K0008,
Ohio Medicaid,,,"Jan. 1, 2024",,K0830,
Ohio Medicaid,,,"Jan. 1, 2024",,K0850,
Ohio Medicaid,,,"Jan. 1, 2024",,K0854,
Ohio Medicaid,,,"Jan. 1, 2024",,K0858,
Ohio Medicaid,,,"Jan. 1, 2024",,54405,
Ohio Medicaid,,,"Jan. 1, 2024",,54416,
Ohio Medicaid,,,"Jan. 1, 2024",,J0275,
Ohio Medicaid,,,"Jan. 1, 2024",,L7900,
Ohio Medicaid,Experimental and investigational (and or linked services),,"Jan. 1, 2024",,33477,Prior authorization required Prior authorization required
Ohio Medicaid,,,"Jan. 1, 2024",,65767,
Ohio Medicaid,,,"Jan. 1, 2024",,A6000,
Ohio Medicaid,,,"Jan. 1, 2024",,,
Ohio Medicaid,,,"Jan. 1, 2024",,$0810,
Ohio Medicaid,,,"Jan. 1, 2024",,$9988,
Ohio Medicaid,Femoroacetabular,,"Jan. 1, 2024",,29914,
Ohio Medicaid,impingement syndrome (FAI),,"Jan. 1, 2024",,,
Ohio Medicaid,Functional endoscopic,,"Jan. 1, 2024",,31240,Prior authorization required
Ohio Medicaid,sinus surgery (FESS),,"Jan. 1, 2024",,,
Ohio Medicaid,,,"Jan. 1, 2024",,31256,
Ohio Medicaid,,,"Jan. 1, 2024",,31276,
Ohio Medicaid,Genetic and molecular _ testing to include breast cancer (BRCA),,"Jan. 1, 2024",,81162,Prior authorization is
Ohio Medicaid,,,"Jan. 1, 2024",,,"required for genetic and molecular testing performed in an outpatient setting. Health care professionals requesting laboratory testing will be required to complete the prior authorization/notification process, which includes indicating the laboratory and test name. Payment will be authorized for those CPT codes registered with the Genetic eae) fire EemeTr esting prior authorization/notification program for each specified GEMEUS ESE"
Ohio Medicaid,,,"Jan. 1, 2024",,Giles),
Ohio Medicaid,,,"Jan. 1, 2024",,81403,
Ohio Medicaid,,,"Jan. 1, 2024",,81407,
Ohio Medicaid,,,"Jan. 1, 2024",,4442,
Ohio Medicaid,,,"Jan. 1, 2024",,,
Ohio Medicaid,,,"Jan. 1, 2024",,81416,
Ohio Medicaid,,,"Jan. 1, 2024",,81432,
Ohio Medicaid,,,"Jan. 1, 2024",,81437,
Ohio Medicaid,,,"Jan. 1, 2024",,81445,
Ohio Medicaid,,,"Jan. 1, 2024",,81507,81479
Ohio Medicaid,,,"Jan. 1, 2024",,81520,
Ohio Medicaid,,,"Jan. 1, 2024",,81599,
Ohio Medicaid,,,"Jan. 1, 2024",,0006M,
Ohio Medicaid,,,"Jan. 1, 2024",,0023U,
Ohio Medicaid,,,"Jan. 1, 2024",,0087U,
Ohio Medicaid,,,"Jan. 1, 2024",,$3870,Notification/prior authorization is required for BRCA testing before DNA sequencing is
Ohio Medicaid,,,"Jan. 1, 2024",,F64.0,
Ohio Medicaid,,,"Jan. 1, 2024",,F64.9,
Ohio Medicaid,,,"Jan. 1, 2024",,14000,
Ohio Medicaid,,,"Jan. 1, 2024",,15738,
Ohio Medicaid,,,"Jan. 1, 2024",,19303,
Ohio Medicaid,,,"Jan. 1, 2024",,54520,
Ohio Medicaid,,,"Jan. 1, 2024",,55180,
Ohio Medicaid,,,"Jan. 1, 2024",,57110,
Ohio Medicaid,,,"Jan. 1, 2024",,58940,
Ohio Medicaid,Home health care,,"Jan. 1, 2024",,G0156,Prior authorization is required
Ohio Medicaid,,,"Jan. 1, 2024",,G0493,"only in outpatient settings, to include member's home."
Ohio Medicaid,,,"Jan. 1, 2024",,$9122,
Ohio Medicaid,Hysterectomy Injectable medications,,"Jan. 1, 2024",,Prior authorization required,
Ohio Medicaid,,,"Jan. 1, 2024",,58262,
Ohio Medicaid,,,"Jan. 1, 2024",,58275,
Ohio Medicaid,58541,,"Jan. 1, 2024",,58543,58542
Ohio Medicaid,,,"Jan. 1, 2024",,58550,
Ohio Medicaid,,,"Jan. 1, 2024",,58570,
Ohio Medicaid,,,"Jan. 1, 2024",,Prior authorization required,
Ohio Medicaid,,,"Jan. 1, 2024",,J3262,
Ohio Medicaid,,,"Jan. 1, 2024",,Acthar®,
Ohio Medicaid,,,"Jan. 1, 2024",,J0800 Adakveo®,
Ohio Medicaid,,,"Jan. 1, 2024",,J0791,
Ohio Medicaid,,,"Jan. 1, 2024",,Aduhelm®,
Ohio Medicaid,,,"Jan. 1, 2024",,J0172,
Ohio Medicaid,,,"Jan. 1, 2024",,Aldurazym®,
Ohio Medicaid,,,"Jan. 1, 2024",,J1931,
Ohio Medicaid,,,"Jan. 1, 2024",,Amondys,
Ohio Medicaid,,,"Jan. 1, 2024",,J1426,
Ohio Medicaid,,,"Jan. 1, 2024",,Amvuttra™ J0225,
Ohio Medicaid,,,"Jan. 1, 2024",,Apretude™,
Ohio Medicaid,J0739 Aralast NP®,,"Jan. 1, 2024",,,
Ohio Medicaid,,,"Jan. 1, 2024",,,Brineura™
Ohio Medicaid,,,"Jan. 1, 2024",,,J0567
Ohio Medicaid,,,"Jan. 1, 2024",,,Cabenuva™
Ohio Medicaid,,,"Jan. 1, 2024",,,J0741
Ohio Medicaid,,,"Jan. 1, 2024",,,Cerezyme®
Ohio Medicaid,,,"Jan. 1, 2024",,,J1786
Ohio Medicaid,,,"Jan. 1, 2024",,,Cimerli®
Ohio Medicaid,,,"Jan. 1, 2024",,,Q5128
Ohio Medicaid,,,"Jan. 1, 2024",,,Cimzia®*
Ohio Medicaid,,,"Jan. 1, 2024",,,JO717
Ohio Medicaid,,,"Jan. 1, 2024",,,Cinqair®
Ohio Medicaid,,,"Jan. 1, 2024",,,J2786
Ohio Medicaid,,,"Jan. 1, 2024",,,Cinryze®
Ohio Medicaid,,,"Jan. 1, 2024",,,J0598
Ohio Medicaid,,,"Jan. 1, 2024",,,Crysvita®
Ohio Medicaid,,,"Jan. 1, 2024",,,J0584
Ohio Medicaid,,,"Jan. 1, 2024",,,Cutaquig®
Ohio Medicaid,,,"Jan. 1, 2024",,,J1551
Ohio Medicaid,,,"Jan. 1, 2024",,,Daxxify™
Ohio Medicaid,,,"Jan. 1, 2024",,,J0589
Ohio Medicaid,,,"Jan. 1, 2024",,,Elaprase®
Ohio Medicaid,,,"Jan. 1, 2024",,,J1743
Ohio Medicaid,,,"Jan. 1, 2024",,,Elelyso®
Ohio Medicaid,,,"Jan. 1, 2024",,,J3060
Ohio Medicaid,,,"Jan. 1, 2024",,,Elevidys™
Ohio Medicaid,,,"Jan. 1, 2024",,,J1413
Ohio Medicaid,,,"Jan. 1, 2024",,,Elfabrio®
Ohio Medicaid,,,"Jan. 1, 2024",,,J2508
Ohio Medicaid,,,"Jan. 1, 2024",,,Enjaymo®
Ohio Medicaid,,,"Jan. 1, 2024",,,J1302
Ohio Medicaid,,,"Jan. 1, 2024",,,Entyvio®
Ohio Medicaid,,,"Jan. 1, 2024",,,J3380
Ohio Medicaid,,,"Jan. 1, 2024",,,J0180
Ohio Medicaid,,,"Jan. 1, 2024",,,Fasenra™
Ohio Medicaid,,,"Jan. 1, 2024",,,J0517
Ohio Medicaid,,,"Jan. 1, 2024",,,Fensolvi”
Ohio Medicaid,,,"Jan. 1, 2024",,,J1951
Ohio Medicaid,,,"Jan. 1, 2024",,,Feraheme®
Ohio Medicaid,,,"Jan. 1, 2024",,,Q0138
Ohio Medicaid,,,"Jan. 1, 2024",,,Firmagon®
Ohio Medicaid,,,"Jan. 1, 2024",,,J9155
Ohio Medicaid,,,"Jan. 1, 2024",,,FylInetra®
Ohio Medicaid,,,"Jan. 1, 2024",,,Q5130
Ohio Medicaid,,,"Jan. 1, 2024",,,Gamifant®
Ohio Medicaid,,,"Jan. 1, 2024",,,J9210
Ohio Medicaid,,,"Jan. 1, 2024",,,Givlaari®
Ohio Medicaid,,,"Jan. 1, 2024",,,J0223
Ohio Medicaid,,,"Jan. 1, 2024",,,Hemgenix®
Ohio Medicaid,,,"Jan. 1, 2024",,,J1411
Ohio Medicaid,,,"Jan. 1, 2024",,,Hyaluronic acid
Ohio Medicaid,,,"Jan. 1, 2024",,J7320,J7318
Ohio Medicaid,,,"Jan. 1, 2024",,J7324,J7323
Ohio Medicaid,,,"Jan. 1, 2024",,J7328,J7327
Ohio Medicaid,,,"Jan. 1, 2024",,,J7332
Ohio Medicaid,,,"Jan. 1, 2024",,,llaris®
Ohio Medicaid,,,"Jan. 1, 2024",,,J0638
Ohio Medicaid,,,"Jan. 1, 2024",,,llumya™
Ohio Medicaid,,,"Jan. 1, 2024",,,J3245
Ohio Medicaid,,,"Jan. 1, 2024",,,Inflectra®
Ohio Medicaid,,,"Jan. 1, 2024",,,Q5103
Ohio Medicaid,,,"Jan. 1, 2024",,,Injectafer®
Ohio Medicaid,,,"Jan. 1, 2024",,,J1439 IVIG
Ohio Medicaid,,,"Jan. 1, 2024",,,
Ohio Medicaid,,,"Jan. 1, 2024",,,90283
Ohio Medicaid,ne),,"Jan. 1, 2024",,,J2507
Ohio Medicaid,,,"Jan. 1, 2024",,,Lamzede™
Ohio Medicaid,,,"Jan. 1, 2024",,,J0217
Ohio Medicaid,,,"Jan. 1, 2024",,,Lanreotide™
Ohio Medicaid,,,"Jan. 1, 2024",,,J1932
Ohio Medicaid,,,"Jan. 1, 2024",,,Lemtrada®
Ohio Medicaid,,,"Jan. 1, 2024",,,J0202
Ohio Medicaid,,,"Jan. 1, 2024",,,Leqembi®
Ohio Medicaid,,,"Jan. 1, 2024",,,J0174
Ohio Medicaid,,,"Jan. 1, 2024",,,Leqvio® J1306
Ohio Medicaid,,,"Jan. 1, 2024",,,Lumizyme®
Ohio Medicaid,,,"Jan. 1, 2024",,,J0221 Lupron Depot®
Ohio Medicaid,,,"Jan. 1, 2024",,,J1950
Ohio Medicaid,,,"Jan. 1, 2024",,,"Lupron Depot, Eligard®"
Ohio Medicaid,,,"Jan. 1, 2024",,,J9217
Ohio Medicaid,,,"Jan. 1, 2024",,,Luxturna™ J3398
Ohio Medicaid,,,"Jan. 1, 2024",,,
Ohio Medicaid,,,"Jan. 1, 2024",,,Makena®
Ohio Medicaid,,,"Jan. 1, 2024",,J1729,J1726
Ohio Medicaid,,,"Jan. 1, 2024",,,J3397
Ohio Medicaid,,,"Jan. 1, 2024",,,J1437
Ohio Medicaid,,,"Jan. 1, 2024",,,Naglazyme®
Ohio Medicaid,,,"Jan. 1, 2024",,,J1458
Ohio Medicaid,,,"Jan. 1, 2024",,,Nexviazyme®
Ohio Medicaid,,,"Jan. 1, 2024",,,J0219
Ohio Medicaid,,,"Jan. 1, 2024",,,Nplate®
Ohio Medicaid,,,"Jan. 1, 2024",,,J2796
Ohio Medicaid,,,"Jan. 1, 2024",,,Nucala®
Ohio Medicaid,,,"Jan. 1, 2024",,,J2182
Ohio Medicaid,,,"Jan. 1, 2024",,,Ocrevus™
Ohio Medicaid,,,"Jan. 1, 2024",,,J2350
Ohio Medicaid,:),,"Jan. 1, 2024",,,J0491
Ohio Medicaid,,,"Jan. 1, 2024",,,Scenesse®
Ohio Medicaid,,,"Jan. 1, 2024",,,J7352
Ohio Medicaid,,,"Jan. 1, 2024",,,Signifor® LAR
Ohio Medicaid,,,"Jan. 1, 2024",,,J2502
Ohio Medicaid,,,"Jan. 1, 2024",,,Simponi Aria®
Ohio Medicaid,,,"Jan. 1, 2024",,,J1602
Ohio Medicaid,,,"Jan. 1, 2024",,,Skyrizi®
Ohio Medicaid,,,"Jan. 1, 2024",,,J2327
Ohio Medicaid,,,"Jan. 1, 2024",,,Soliris®
Ohio Medicaid,,,"Jan. 1, 2024",,,J1300
Ohio Medicaid,,,"Jan. 1, 2024",,,Somatuline® Depot
Ohio Medicaid,,,"Jan. 1, 2024",,,J1930
Ohio Medicaid,,,"Jan. 1, 2024",,,Spevigo®
Ohio Medicaid,,,"Jan. 1, 2024",,,J1747
Ohio Medicaid,,,"Jan. 1, 2024",,,Spinraza™
Ohio Medicaid,,,"Jan. 1, 2024",,,J2326
Ohio Medicaid,,,"Jan. 1, 2024",,,Spravato™
Ohio Medicaid,,,"Jan. 1, 2024",,,$0013
Ohio Medicaid,,,"Jan. 1, 2024",,,Stelara®
Ohio Medicaid,,,"Jan. 1, 2024",,,J3358
Ohio Medicaid,,,"Jan. 1, 2024",,,Stimufend®
Ohio Medicaid,,,"Jan. 1, 2024",,,Q5127
Ohio Medicaid,,,"Jan. 1, 2024",,,Sunlenca®
Ohio Medicaid,,,"Jan. 1, 2024",,,J1961 Supprelin® LA
Ohio Medicaid,,,"Jan. 1, 2024",,,J9226
Ohio Medicaid,,,"Jan. 1, 2024",,,Synagis®
Ohio Medicaid,,,"Jan. 1, 2024",,,90378
Ohio Medicaid,,,"Jan. 1, 2024",,,Tepezza®
Ohio Medicaid,,,"Jan. 1, 2024",,,J3241
Ohio Medicaid,,,"Jan. 1, 2024",,,Tezspire™
Ohio Medicaid,,,"Jan. 1, 2024",,Q5115,
Ohio Medicaid,cont.),,"Jan. 1, 2024",,Tzield®,
Ohio Medicaid,,,"Jan. 1, 2024",,J9381,
Ohio Medicaid,,,"Jan. 1, 2024",,Ultomiris™,
Ohio Medicaid,,,"Jan. 1, 2024",,J1303,
Ohio Medicaid,,,"Jan. 1, 2024",,Unclassified,
Ohio Medicaid,,,"Jan. 1, 2024",,C9090,
Ohio Medicaid,,,"Jan. 1, 2024",,C9162 C9166,
Ohio Medicaid,,,"Jan. 1, 2024",,C9399 J3490,
Ohio Medicaid,,,"Jan. 1, 2024",,Uplizna®,
Ohio Medicaid,,,"Jan. 1, 2024",,J1823,
Ohio Medicaid,,,"Jan. 1, 2024",,VEGF,
Ohio Medicaid,,,"Jan. 1, 2024",,J0178,
Ohio Medicaid,,,"Jan. 1, 2024",,J2779 Q5124,
Ohio Medicaid,,,"Jan. 1, 2024",,Veopoz® J9376,
Ohio Medicaid,,,"Jan. 1, 2024",,,
Ohio Medicaid,,,"Jan. 1, 2024",,Viltepso™,
Ohio Medicaid,,,"Jan. 1, 2024",,J1427,
Ohio Medicaid,,,"Jan. 1, 2024",,Vimizim®,
Ohio Medicaid,,,"Jan. 1, 2024",,J1322,
Ohio Medicaid,,,"Jan. 1, 2024",,Vyepti™,
Ohio Medicaid,,,"Jan. 1, 2024",,J3032,
Ohio Medicaid,,,"Jan. 1, 2024",,Vyjuvek™,
Ohio Medicaid,,,"Jan. 1, 2024",,J3401,
Ohio Medicaid,,,"Jan. 1, 2024",,Vyondys 53®,
Ohio Medicaid,,,"Jan. 1, 2024",,,J1429
Ohio Medicaid,,,"Jan. 1, 2024",,Vyvgart™,
Ohio Medicaid,,,"Jan. 1, 2024",,J9332,
Ohio Medicaid,,,"Jan. 1, 2024",,Vyvgart Hytrulo™,
Ohio Medicaid,,,"Jan. 1, 2024",,J9334,
Ohio Medicaid,,,"Jan. 1, 2024",,White blood cell colony- stimulating factors*** J1442 J1447 J2506,
Ohio Medicaid,,,"Jan. 1, 2024",,Q5101,
Ohio Medicaid,,,"Jan. 1, 2024",,Q5108,
Ohio Medicaid,,,"Jan. 1, 2024",,Q5122,
Ohio Medicaid,,,"Jan. 1, 2024",,Xembify®,
Ohio Medicaid,,,"Jan. 1, 2024",,Launch,
Ohio Medicaid,,,"Jan. 1, 2024",,"*Please notifications **For C9166, is only Purified **Codes Q5120 and require prior + For above. + For the Prior",
Ohio Medicaid,,,"Jan. 1, 2024",,Please Medications newly Food and you can *** For code and stage renal ***E or prior Prior Provider,
Ohio Medicaid,,,"Jan. 1, 2024",,,
Ohio Medicaid,"Joint, total hip and knee replacement procedures Musculoskeletal",,"Jan. 1, 2024",,24370,
Ohio Medicaid,,,"Jan. 1, 2024",,27130,
Ohio Medicaid,,,"Jan. 1, 2024",,27138,
Ohio Medicaid,,,"Jan. 1, 2024",,27486,
Ohio Medicaid,,,"Jan. 1, 2024",,29868,Prior authorization
Ohio Medicaid,Non-emergent air,,"Jan. 1, 2024",,23470 A0430,required Prior authorization required
Ohio Medicaid,ambulance transport,,"Jan. 1, 2024",,,
Ohio Medicaid,,,"Jan. 1, 2024",,S9960,
Ohio Medicaid,Orthognathic surgery Treatment of maxillofacial/ jaw functional impairment Orthotics and,,"Jan. 1, 2024",,,
Ohio Medicaid,,,"Jan. 1, 2024",,21121 21141 21146 21154 21188 21196 21208 21240 21246 21255,Prior authorization required
Ohio Medicaid,,,"Jan. 1, 2024",,,
Ohio Medicaid,Prior authorization is required,,"Jan. 1, 2024",,,LO112
Ohio Medicaid,,,"Jan. 1, 2024",,L0810,
Ohio Medicaid,,,"Jan. 1, 2024",,L1000,
Ohio Medicaid,,,"Jan. 1, 2024",,L1310,
Ohio Medicaid,,,"Jan. 1, 2024",,L1700,
Ohio Medicaid,,,"Jan. 1, 2024",,L1755,
Ohio Medicaid,,,"Jan. 1, 2024",,L1840,
Ohio Medicaid,,,"Jan. 1, 2024",,L1860,
Ohio Medicaid,,,"Jan. 1, 2024",,L2000,
Ohio Medicaid,,,"Jan. 1, 2024",,L2030,
Ohio Medicaid,,,"Jan. 1, 2024",,L2038,
Ohio Medicaid,,,"Jan. 1, 2024",,L2126,
Ohio Medicaid,,,"Jan. 1, 2024",,L2526,
Ohio Medicaid,,,"Jan. 1, 2024",,L3265,
Ohio Medicaid,,,"Jan. 1, 2024",,L3720,
Ohio Medicaid,,,"Jan. 1, 2024",,L3764,
Ohio Medicaid,,,"Jan. 1, 2024",,L3905,
Ohio Medicaid,,,"Jan. 1, 2024",,L3976,
Ohio Medicaid,,,"Jan. 1, 2024",,L4010,
Ohio Medicaid,,,"Jan. 1, 2024",,L5020,
Ohio Medicaid,,,"Jan. 1, 2024",,L5105,
Ohio Medicaid,,,"Jan. 1, 2024",,L5210,
Ohio Medicaid,,,"Jan. 1, 2024",,L5270,
Ohio Medicaid,,,"Jan. 1, 2024",,L5321,
Ohio Medicaid,,,"Jan. 1, 2024",,L5420,
Ohio Medicaid,,,"Jan. 1, 2024",,L5510,
Ohio Medicaid,,,"Jan. 1, 2024",,L5540,
Ohio Medicaid,,,"Jan. 1, 2024",,L5585,
Ohio Medicaid,,,"Jan. 1, 2024",,L5610,
Ohio Medicaid,,,"Jan. 1, 2024",,L5639,
Ohio Medicaid,,,"Jan. 1, 2024",,L5644,
Ohio Medicaid,,,"Jan. 1, 2024",,L5649,
Ohio Medicaid,,,"Jan. 1, 2024",,L5673,
Ohio Medicaid,,,"Jan. 1, 2024",,L5982,
Ohio Medicaid,,,"Jan. 1, 2024",,L5988,
Ohio Medicaid,,,"Jan. 1, 2024",,L6010,
Ohio Medicaid,,,"Jan. 1, 2024",,L6100,
Ohio Medicaid,,,"Jan. 1, 2024",,L6200,
Ohio Medicaid,,,"Jan. 1, 2024",,L6310,
Ohio Medicaid,,,"Jan. 1, 2024",,L6370,
Ohio Medicaid,,,"Jan. 1, 2024",,L6400,
Ohio Medicaid,,,"Jan. 1, 2024",,L6570,
Ohio Medicaid,,,"Jan. 1, 2024",,L6586,
Ohio Medicaid,,,"Jan. 1, 2024",,L6623,
Ohio Medicaid,,,"Jan. 1, 2024",,L6686,
Ohio Medicaid,,,"Jan. 1, 2024",,L6692,
Ohio Medicaid,,,"Jan. 1, 2024",,L6696,
Ohio Medicaid,,,"Jan. 1, 2024",,L6708,
Ohio Medicaid,,,"Jan. 1, 2024",,L6713,
Ohio Medicaid,,,"Jan. 1, 2024",,L6881,
Ohio Medicaid,,,"Jan. 1, 2024",,L6885,
Ohio Medicaid,,,"Jan. 1, 2024",,L6910,
Ohio Medicaid,,,"Jan. 1, 2024",,L6930,
Ohio Medicaid,,,"Jan. 1, 2024",,L6950,
Ohio Medicaid,,,"Jan. 1, 2024",,L6970,
Ohio Medicaid,,,"Jan. 1, 2024",,L7009,
Ohio Medicaid,,,"Jan. 1, 2024",,L7180,
Ohio Medicaid,,,"Jan. 1, 2024",,L7190,
Ohio Medicaid,,,"Jan. 1, 2024",,L8042,
Ohio Medicaid,,,"Jan. 1, 2024",,L8046,
Ohio Medicaid,,,"Jan. 1, 2024",,L8610,
Ohio Medicaid,,,"Jan. 1, 2024",,97530,Prior authorization required
Ohio Medicaid,ually unproven,,"Jan. 1, 2024",,33289,Prior authorization required
Ohio Medicaid,ate duty nursing,,"Jan. 1, 2024",,T1000,Prior authorization required
Ohio Medicaid,state procedures,,"Jan. 1, 2024",,37243,Prior authorization required
Ohio Medicaid,,,"Jan. 1, 2024",,,
Ohio Medicaid,,,"Jan. 1, 2024",,29825,
Ohio Medicaid,nuplasty te of service (SOS) -— — utpatient hospital,,"Jan. 1, 2024",,31295,Prior authorization required
Ohio Medicaid,,,"Jan. 1, 2024",,Auditory system,Prior authorization is only
Ohio Medicaid,,,"Jan. 1, 2024",,69205,required when requesting service in an outpatient hospital setting.
Ohio Medicaid,,,"Jan. 1, 2024",,Cardiovascular system,
Ohio Medicaid,,,"Jan. 1, 2024",,36590,Prior authorization is not
Ohio Medicaid,,,"Jan. 1, 2024",,64721,rerticipating ASC.
Ohio Medicaid,,,"Jan. 1, 2024",,Cataract surgery 66821 66982,
Ohio Medicaid,,,"Jan. 1, 2024",,,
Ohio Medicaid,,,"Jan. 1, 2024",,Colonoscopy,
Ohio Medicaid,,,"Jan. 1, 2024",,,45378 45380 45384 45385
Ohio Medicaid,,,"Jan. 1, 2024",,Cosmetic,
Ohio Medicaid,,,"Jan. 1, 2024",,13101,
Ohio Medicaid,,,"Jan. 1, 2024",,14301,
Ohio Medicaid,,,"Jan. 1, 2024",,Digestive system,
Ohio Medicaid,,,"Jan. 1, 2024",,42415,
Ohio Medicaid,,,"Jan. 1, 2024",,43237,
Ohio Medicaid,,,"Jan. 1, 2024",,43246,
Ohio Medicaid,,,"Jan. 1, 2024",,43254,
Ohio Medicaid,,,"Jan. 1, 2024",,44361,
Ohio Medicaid,,,"Jan. 1, 2024",,45381,
Ohio Medicaid,,,"Jan. 1, 2024",,46040,
Ohio Medicaid,,,"Jan. 1, 2024",,46221,
Ohio Medicaid,,,"Jan. 1, 2024",,46270,
Ohio Medicaid,,,"Jan. 1, 2024",,46750,
Ohio Medicaid,,,"Jan. 1, 2024",,"Ear, nose and throat (ENT) procedures",
Ohio Medicaid,,,"Jan. 1, 2024",,66711,
Ohio Medicaid,,,"Jan. 1, 2024",,66988,
Ohio Medicaid,,,"Jan. 1, 2024",,67105,
Ohio Medicaid,,,"Jan. 1, 2024",,68110 68115,
Ohio Medicaid,,,"Jan. 1, 2024",,68815,
Ohio Medicaid,,,"Jan. 1, 2024",,57240 57250 57461,
Ohio Medicaid,,,"Jan. 1, 2024",,58561,
Ohio Medicaid,,,"Jan. 1, 2024",,Gynecologic procedures,
Ohio Medicaid,,,"Jan. 1, 2024",,57522,
Ohio Medicaid,,,"Jan. 1, 2024",,58565,
Ohio Medicaid,,,"Jan. 1, 2024",,Hemic and lymphatic systems,
Ohio Medicaid,,,"Jan. 1, 2024",,38500 38510 38525,
Ohio Medicaid,,,"Jan. 1, 2024",,Hernia,
Ohio Medicaid,,,"Jan. 1, 2024",,49505 49585 49587,
Ohio Medicaid,,,"Jan. 1, 2024",,49651 49652 49655,
Ohio Medicaid,,,"Jan. 1, 2024",,,
Ohio Medicaid,,,"Jan. 1, 2024",,Integumentary system,
Ohio Medicaid,,,"Jan. 1, 2024",,10121,
Ohio Medicaid,,,"Jan. 1, 2024",,11770,
Ohio Medicaid,,,"Jan. 1, 2024",,15240,
Ohio Medicaid,,,"Jan. 1, 2024",,Liver biopsy,
Ohio Medicaid,,,"Jan. 1, 2024",,47000,
Ohio Medicaid,,,"Jan. 1, 2024",,Male genital system,
Ohio Medicaid,,,"Jan. 1, 2024",,54840,
Ohio Medicaid,,,"Jan. 1, 2024",,Miscellaneous,
Ohio Medicaid,,,"Jan. 1, 2024",,20680,
Ohio Medicaid,,,"Jan. 1, 2024",,Musculoskeletal system,
Ohio Medicaid,,,"Jan. 1, 2024",,20552 20553 21012,
Ohio Medicaid,,,"Jan. 1, 2024",,21336 21554 21555,
Ohio Medicaid,,,"Jan. 1, 2024",,21930,
Ohio Medicaid,21336.0,,"Jan. 1, 2024",,21555.0,21554.0
Ohio Medicaid,21930.0,,"Jan. 1, 2024",,22902.0,22514.0
Ohio Medicaid,23071.0,,"Jan. 1, 2024",,24071.0,23075.0
Ohio Medicaid,27337.0,,"Jan. 1, 2024",,28035.0,27632.0
Ohio Medicaid,28041.0,,"Jan. 1, 2024",,28080.0,28060.0
Ohio Medicaid,28104.0,,"Jan. 1, 2024",,28118.0,28110.0
Ohio Medicaid,28124.0,,"Jan. 1, 2024",,28289.0,28285.0
Ohio Medicaid,28296.0,,"Jan. 1, 2024",,28298.0,28297.0
Ohio Medicaid,29835.0,,"Jan. 1, 2024",,29845.0,29840.0
Ohio Medicaid,29848.0,,"Jan. 1, 2024",,29875.0,29861.0
Ohio Medicaid,29877.0,,"Jan. 1, 2024",,29880.0,29879.0
Ohio Medicaid,tpatient hospital nt.),,"Jan. 1, 2024",,Nervous system,
Ohio Medicaid,,,"Jan. 1, 2024",,64561,
Ohio Medicaid,,,"Jan. 1, 2024",,Ophthalmologic,
Ohio Medicaid,,,"Jan. 1, 2024",,65426,
Ohio Medicaid,,,"Jan. 1, 2024",,66761,
Ohio Medicaid,,,"Jan. 1, 2024",,67228,
Ohio Medicaid,,,"Jan. 1, 2024",,Respiratory,
Ohio Medicaid,,,"Jan. 1, 2024",,30802,
Ohio Medicaid,,,"Jan. 1, 2024",,31536 31541 31624,
Ohio Medicaid,,,"Jan. 1, 2024",,Tonsillectomy,
Ohio Medicaid,,,"Jan. 1, 2024",,42820,
Ohio Medicaid,,,"Jan. 1, 2024",,42830,
Ohio Medicaid,,,"Jan. 1, 2024",,Upper and lower,
Ohio Medicaid,,,"Jan. 1, 2024",,43235,
Ohio Medicaid,,,"Jan. 1, 2024",,Urinary,
Ohio Medicaid,,,"Jan. 1, 2024",,52276,
Ohio Medicaid,,,"Jan. 1, 2024",,Urologic,
Ohio Medicaid,,,"Jan. 1, 2024",,50590,
Ohio Medicaid,,,"Jan. 1, 2024",,52224,
Ohio Medicaid,,,"Jan. 1, 2024",,52281,
Ohio Medicaid,,,"Jan. 1, 2024",,52352,
Ohio Medicaid,,,"Jan. 1, 2024",,55040,
Ohio Medicaid,ep apnea procedures surgeries,,"Jan. 1, 2024",,21685,Prior authorization required
Ohio Medicaid,,,"Jan. 1, 2024",,22112,
Ohio Medicaid,,,"Jan. 1, 2024",,22210,
Ohio Medicaid,,,"Jan. 1, 2024",,22224,
Ohio Medicaid,,,"Jan. 1, 2024",,22513,
Ohio Medicaid,,,"Jan. 1, 2024",,22548,
Ohio Medicaid,,,"Jan. 1, 2024",,22558,
Ohio Medicaid,,,"Jan. 1, 2024",,22600,
Ohio Medicaid,,,"Jan. 1, 2024",,22633,
Ohio Medicaid,(cont.),,"Jan. 1, 2024",,22819,
Ohio Medicaid,,,"Jan. 1, 2024",,22852,
Ohio Medicaid,,,"Jan. 1, 2024",,22864,
Ohio Medicaid,,,"Jan. 1, 2024",,63003,
Ohio Medicaid,,,"Jan. 1, 2024",,63015,
Ohio Medicaid,,,"Jan. 1, 2024",,63030,
Ohio Medicaid,,,"Jan. 1, 2024",,63046,
Ohio Medicaid,,,"Jan. 1, 2024",,63056,
Ohio Medicaid,,,"Jan. 1, 2024",,63081,
Ohio Medicaid,,,"Jan. 1, 2024",,63101,
Ohio Medicaid,,,"Jan. 1, 2024",,63173,
Ohio Medicaid,,,"Jan. 1, 2024",,63200,
Ohio Medicaid,,,"Jan. 1, 2024",,63265,
Ohio Medicaid,,,"Jan. 1, 2024",,63271,
Ohio Medicaid,,,"Jan. 1, 2024",,63301,
Ohio Medicaid,,,"Jan. 1, 2024",,63305 0095T,
Ohio Medicaid,Stimulators ; Implantation of a device that sends electrical impulses,,"Jan. 1, 2024",,E0747,Prior authorization required
Ohio Medicaid,,,"Jan. 1, 2024",,,
Ohio Medicaid,,,"Jan. 1, 2024",,43648,
Ohio Medicaid,,,"Jan. 1, 2024",,61864,
Ohio Medicaid,,,"Jan. 1, 2024",,61886,
Ohio Medicaid,,,"Jan. 1, 2024",,64553,
Ohio Medicaid,,,"Jan. 1, 2024",,64590,
Ohio Medicaid,,,"Jan. 1, 2024",,0315T,
Ohio Medicaid,,,"Jan. 1, 2024",,L8682,
Ohio Medicaid,,,"Jan. 1, 2024",,L8688,
Ohio Medicaid,Transplants,,"Jan. 1, 2024",,"For transplant and CAR T-cell therapy services, including Abe (Idecaptagene Cicleucel), Breyanzi®, (Lisocabtagene Maralue Carvykti™ (ciltacabtagene autoleucel), Kymriah™ (tisagenlecl Tecartus™ (brexucabtagene autoleucel) and Yescarta™ (axicabtagene ciloleucel), please call the UnitedHealthcare Community and State Transplant Case Management team at 888-936-7246. Or you can call the number on the back of the member's health plan ID card.",Prior authorization required
Ohio Medicaid,33933,,"Jan. 1, 2024",,33940,33935
Ohio Medicaid,33945,,"Jan. 1, 2024",,38209,38208
Ohio Medicaid,38212,,"Jan. 1, 2024",,38214,38213
Ohio Medicaid,38232*,,"Jan. 1, 2024",,38241,38240
Ohio Medicaid,44132,,"Jan. 1, 2024",,44135,44133
Ohio Medicaid,44137,,"Jan. 1, 2024",,44720,44715
Ohio Medicaid,47133,,"Jan. 1, 2024",,47140,47135
Ohio Medicaid,47142,,"Jan. 1, 2024",,47144,47143
Ohio Medicaid,A7146,,"Jan. 1, 2024",,48551,A7147
Ohio Medicaid,,,"Jan. 1, 2024",,50370,
Ohio Medicaid,,,"Jan. 1, 2024",,0537T,
Ohio Medicaid,,,"Jan. 1, 2024",,J9999,
Ohio Medicaid,,,"Jan. 1, 2024",,Q2054,
Ohio Medicaid,,,"Jan. 1, 2024",,*Code 38232,
Ohio Medicaid,,,"Jan. 1, 2024",,diagnosis. Unclassified,
Ohio Medicaid,,,"Jan. 1, 2024",,C9399,
Ohio Medicaid,,,"Jan. 1, 2024",,"*Casgevy,",
Ohio Medicaid,Vein procedures,,"Jan. 1, 2024",,36473,Prior authorization required
Ohio Medicaid,Ventricular assist devices (VAD) A mechanical pump that,,"Jan. 1, 2024",,,Prior authorization required
Ohio Medicaid,takes over the function of the ventricle of,,"Jan. 1, 2024",,33927,
Ohio Medicaid,damaged the heart and restores normal blood flow,,"Jan. 1, 2024",,33979,33976
Ohio Medicaid,,,"Jan. 1, 2024",,33983,
